GivenName,Surname,StreetAddress,City,Latitude,Longitude,TelephoneNumber,EmailAddress
Taylor,Lane,2432 Capitol Avenue,New Castle,39.856534,-85.368558,765-593-6097,TaylorLane@rhyta.com
Magnus,Andreasen,4424 Colony Street,Stamford,41.130583,-73.454004,203-324-9204,MagnusLAndreasen@superrito.com
Gilberto,Dill,2867 Sun Valley Road,Yakima,46.680436,-120.612731,509-840-5267,GilbertoADill@cuvox.de
Sam,Edge,3210 Lawman Avenue,Herndon,38.885756,-77.324875,703-303-8305,SamEdge@superrito.com
Ismo,Viljanen,4325 Summit Street,Oxford Junction,42.045628,-90.945153,563-486-3442,IsmoViljanen@rhyta.com
Vsevolod,Kazantsev,385 Arbor Court,Mountain View,41.24302,-110.302008,307-377-9542,VsevolodKazantsev@rhyta.com
Samuli,Kortesmäki,1365 Meadowbrook Mall Road,Culver City,33.928914,-118.327127,310-841-9492,SamuliKortesmaki@jourrapide.com
Riccardo,Esposito,3962 Grey Fox Farm Road,Houston,29.845736,-95.374867,281-833-1300,RiccardoEsposito@teleworm.us
Urbano,Lorenzo,1486 Mulberry Lane,Miami,25.975454,-80.142293,561-888-2473,UrbanoLorenzo@dayrep.com
Mikkel,Svendsen,117 Lilac Lane,Pearson,31.202115,-82.749365,912-422-5961,MikkelESvendsen@armyspy.com
Kaarlo,Mylläri,4196 Frosty Lane,Spencer,42.204989,-76.529037,607-589-8362,KaarloMyllari@rhyta.com
Bryan,Nelson,2252 Wines Lane,Houston,29.738063,-95.282835,832-261-2773,BryanSNelson@jourrapide.com
Massimo,Pisani,3939 Parrill Court,Chicago,41.960186,-87.828622,219-484-3287,MassimoPisani@fleckens.hu
Antonio,Siciliano,1954 Wexford Way,Lancaster,34.674467,-80.697915,803-288-0232,AntonioSiciliano@einrot.com
Peter,Godfrey,2811 Highland Drive,Green Bay,44.51771,-87.977251,920-695-9579,PeterGodfrey@dayrep.com
Pentti,Nuorela,2039 Skinner Hollow Road,Eugene,43.880826,-123.037671,541-905-5125,PenttiNuorela@superrito.com
Joachim,Nilsson,1043 Sunrise Road,Las Vegas,36.129008,-115.223865,702-891-3510,JoachimNNilsson@cuvox.de
Sergio,Trevisani,1523 Bubby Drive,San Marcos,29.809578,-97.969548,512-353-5013,SergioTrevisani@fleckens.hu
Melvin,Throop,417 Bottom Lane,Findley Lake,42.222583,-79.683285,716-769-5203,MelvinJThroop@fleckens.hu
Vilgot,Johansson,3733 Buck Drive,Salt Lake City,40.780999,-111.973518,801-961-7256,VilgotJohansson@teleworm.us
Miika,Hietanen,1220 Ryan Road,Sioux Falls,43.614261,-96.741219,605-653-8497,MiikaHietanen@cuvox.de
Victor,Bazhenov,2982 Burnside Court,Phoenix,33.40856,-111.969944,602-414-1702,VictorBazhenov@cuvox.de
Alex,Ibrahimov,4192 Nutters Barn Lane,Urbandale,41.538865,-93.667164,515-556-9473,AlexIbrahimov@rhyta.com
Caspar,Lundqvist,4140 Parkway Street,San Diego,32.912494,-117.193567,760-304-5462,CasparLundqvist@einrot.com
John,Weber,2275 Woodstock Drive,El Monte,34.097782,-117.974947,626-579-4154,JohnWeber@fleckens.hu
Arno,Robitaille,4271 Fittro Street,Harrison,36.286698,-93.162556,870-350-6808,ArnoRobitaille@einrot.com
Harun,Jonsson,4791 Counts Lane,Lexington,38.025732,-84.523144,859-983-6056,HarunJonsson@fleckens.hu
Gualtiero,Fiorentino,1803 John Daniel Drive,Jefferson City,38.475093,-92.203122,573-635-2783,GualtieroFiorentino@einrot.com
Villads,Jespersen,1984 Shady Pines Drive,Elizabethtown,37.670765,-85.828463,270-940-7453,VilladsCJespersen@jourrapide.com
Mark,Bodrov,867 Hamilton Drive,Annapolis,38.928741,-76.551634,410-260-8907,MarkBodrov@teleworm.us
Anthony,Eliasson,2883 Sunny Day Drive,Irvine,33.614796,-117.877936,714-782-1639,AnthonyEliasson@rhyta.com
Borislav,Ankudinov,2469 Straford Park,Lexington,38.117868,-84.523325,606-695-2743,BorislavAnkudinov@dayrep.com
Jackie,Barreto,4168 Rhapsody Street,Gainesville,29.705246,-82.411216,352-294-1953,JackieDBarreto@gustr.com
Peter,Iversen,117 Sunny Glen Lane,Cleveland,41.587363,-81.595238,216-707-7884,PeterMIversen@armyspy.com
Erkki,Päätalo,1974 Summit Street,Clinton,41.858186,-90.224593,563-357-9191,ErkkiPaatalo@einrot.com
Lance,Pence,164 River Road,Colorado Springs,38.970482,-104.814758,719-404-9057,LanceDPence@armyspy.com
